customer_ID,shopping_pt,record_type,day,time,state,location,group_size,homeowner,car_age,car_value,risk_factor,age_oldest,age_youngest,married_couple,C_previous,duration_previous,A,B,C,D,E,F,G,cost
10000001,1,0,1,12:35,OK,10002,1,0,9,f,NA,24,24,0,3,9,0,0,1,1,0,0,4,543
10000001,2,0,1,12:36,OK,10002,1,0,9,f,NA,24,24,0,3,9,2,1,1,3,1,3,2,611
10000002,1,0,4,12:19,PA,10003,1,1,7,f,NA,74,74,0,2,15,2,0,2,3,1,2,2,691
10000002,2,0,4,12:21,PA,10003,1,1,7,f,NA,74,74,0,2,15,2,0,2,3,1,2,2,695
10000004,1,0,1,12:39,OK,10005,1,0,13,f,3,22,22,0,NA,NA,0,0,1,1,0,0,2,596
10000004,2,0,1,12:42,OK,10005,1,0,13,f,3,22,22,0,NA,NA,2,0,1,1,0,3,2,711
10000004,3,0,1,12:43,OK,10005,1,0,13,f,3,22,22,0,NA,NA,2,0,1,1,0,3,2,722
10000004,4,0,1,12:44,OK,10005,1,0,13,f,3,22,22,0,NA,NA,2,0,1,1,0,3,2,722
10000004,5,0,1,12:53,OK,10005,1,0,13,f,3,22,22,0,1,3,2,0,1,1,0,3,2,673
10000004,6,0,1,12:54,OK,10005,1,0,13,f,3,22,22,0,1,3,2,0,1,1,0,2,2,683
10000004,7,0,1,12:56,OK,10005,1,0,13,f,3,22,22,0,1,3,2,0,1,1,0,2,4,700
10000004,8,0,1,12:57,OK,10005,1,0,13,f,3,22,22,0,1,3,2,0,1,1,0,2,3,689
10000004,9,0,1,12:59,OK,10005,1,0,13,f,3,22,22,0,1,3,2,0,1,1,1,2,3,692
10000006,1,0,2,18:12,WA,10007,1,0,11,e,NA,27,27,0,3,12,0,0,1,1,0,0,1,625
10000006,2,0,2,18:12,WA,10007,1,0,11,e,NA,27,27,0,3,12,0,0,1,1,0,0,1,625
10000008,1,0,0,9:16,FL,10009,1,1,11,e,1,75,75,0,1,9,1,0,2,3,0,2,3,578
10000008,2,0,0,9:16,FL,10009,1,1,11,e,1,75,75,0,1,9,1,0,2,3,0,2,2,547
10000008,3,0,0,9:17,FL,10009,1,1,11,e,1,75,75,0,1,9,0,0,1,3,0,0,3,561
10000008,4,0,0,9:18,FL,10009,1,1,11,e,1,75,75,0,1,9,0,0,1,3,0,0,3,561
10000008,5,0,0,9:21,FL,10009,1,1,11,e,1,75,75,0,1,9,1,0,1,3,0,2,3,579
10000008,6,0,0,9:22,FL,10009,1,1,11,e,1,75,75,0,1,9,0,0,1,3,0,2,3,567
10000009,1,0,2,14:00,KY,10010,1,0,7,f,NA,25,25,0,1,1,0,1,1,2,0,0,2,627
10000009,2,0,2,14:00,KY,10010,1,0,7,f,NA,25,25,0,1,1,0,1,1,2,0,0,2,627
10000009,3,0,2,14:01,KY,10010,1,0,7,f,NA,25,25,0,1,1,0,1,1,2,0,0,2,627
10000009,4,0,2,14:20,KY,10010,1,0,7,f,NA,25,25,0,1,1,0,1,1,2,0,0,2,627
10000010,1,0,1,8:50,PA,10011,2,1,12,d,NA,75,75,1,1,10,1,1,3,3,1,1,1,670
10000010,2,0,1,8:52,PA,10011,2,1,12,d,NA,75,75,1,1,10,1,0,1,2,0,1,2,644
10000011,1,0,6,23:10,MO,10012,1,1,11,h,3,56,56,0,3,2,1,0,3,3,0,2,1,580
10000011,2,0,6,23:10,MO,10012,1,1,11,h,3,56,56,0,3,2,1,0,3,3,0,2,2,581
10000012,1,0,1,10:33,FL,10013,1,0,7,d,4,22,22,0,3,7,2,0,1,1,0,3,3,713
10000012,2,0,1,10:36,FL,10013,1,0,7,d,4,22,22,0,3,7,1,0,3,3,1,2,3,738
10000012,3,0,1,10:37,FL,10013,1,0,7,d,4,22,22,0,3,7,1,0,3,3,1,2,3,746
10000012,4,0,1,10:41,FL,10013,1,0,7,d,4,22,22,0,3,7,2,0,2,3,0,3,3,730
10000015,1,0,4,7:53,NY,10016,2,0,1,f,2,32,30,0,3,2,1,1,3,3,1,0,3,735
10000015,2,0,4,7:54,NY,10016,2,0,1,f,2,32,30,0,3,2,1,1,3,3,1,0,2,733
10000017,1,0,2,13:28,WA,10019,1,1,8,h,NA,46,46,0,2,1,1,1,3,3,1,1,1,668
10000017,2,0,2,13:41,WA,10019,1,1,8,g,NA,46,46,0,2,1,1,1,3,3,1,1,1,667
10000018,1,0,2,12:06,KY,10020,1,0,3,f,3,58,58,0,3,11,1,0,1,1,0,2,2,575
10000018,2,0,2,12:08,KY,10020,1,0,3,f,3,58,58,0,3,11,1,0,3,3,1,1,1,600
10000018,3,0,2,12:09,KY,10020,1,0,3,f,3,58,58,0,3,11,1,1,3,3,1,1,1,605
10000020,1,0,3,12:58,NV,10022,1,0,12,e,3,50,50,0,3,4,0,1,3,3,0,0,2,564
10000020,2,0,3,12:58,NV,10022,1,0,12,e,3,50,50,0,3,4,0,1,2,3,0,2,2,585
10000020,3,0,3,12:59,NV,10022,1,0,12,e,3,50,50,0,3,4,0,1,2,3,0,2,2,590
10000020,4,0,3,13:08,NV,10022,1,0,12,e,3,50,50,0,3,4,0,1,2,3,0,2,2,585
10000021,1,0,0,10:20,OH,10023,1,1,6,e,NA,54,48,1,1,2,0,1,1,3,0,1,2,570
10000021,2,0,0,10:21,OH,10023,1,1,6,e,NA,54,48,1,1,2,0,1,1,3,0,1,2,570
10000021,3,0,0,10:33,OH,10023,1,1,6,e,NA,54,48,1,1,2,0,1,1,3,0,1,2,570
10000022,1,0,1,8:49,FL,10024,2,1,15,h,2,59,57,1,4,1,1,1,3,3,1,2,3,622
10000022,2,0,1,8:50,FL,10024,2,1,15,h,2,59,57,1,4,1,1,1,4,3,1,2,3,629
10000022,3,0,1,8:51,FL,10024,2,1,15,h,2,59,57,1,4,1,1,1,4,3,1,1,3,630
10000022,4,0,1,8:52,FL,10024,2,1,15,h,2,59,57,1,4,1,1,1,4,3,1,1,3,624
10000022,5,0,1,8:52,FL,10024,2,1,15,h,2,59,57,1,4,1,1,1,4,3,1,1,3,617
10000024,1,0,0,14:02,AL,10026,1,1,26,c,1,75,75,0,1,3,0,0,1,1,0,0,2,551
10000024,2,0,0,14:03,AL,10026,1,1,26,c,1,75,75,0,1,3,0,0,1,1,0,0,2,555
10000024,1,0,0,14:02,AL,10026,1,1,26,c,1,75,75,0,1,3,0,0,1,1,0,0,2,551
10000024,2,0,0,14:03,AL,10026,1,1,26,c,1,75,75,0,1,3,0,0,1,1,0,0,2,555
10000029,1,0,4,13:33,WA,10031,1,1,14,e,2,68,68,0,3,5,1,1,3,3,0,1,2,616
10000029,2,0,4,13:34,WA,10031,1,1,14,e,2,68,68,0,3,5,0,0,3,3,0,0,2,605
10000029,3,0,4,13:35,WA,10031,1,1,14,e,2,68,68,0,3,5,0,0,3,3,0,0,2,597
10000030,1,0,3,16:24,PA,10032,1,0,14,d,4,23,23,0,1,6,0,0,1,1,0,0,1,631
10000030,2,0,3,16:32,PA,10032,1,0,14,d,4,23,23,0,1,6,0,0,1,1,0,0,1,638
10000030,3,0,3,16:35,PA,10032,1,0,14,d,4,23,23,0,1,6,0,0,1,1,0,0,1,638
10000030,4,0,3,16:39,PA,10032,1,0,14,d,4,23,23,0,1,6,0,0,1,1,0,0,1,628
10000030,5,0,3,16:40,PA,10032,1,0,14,d,4,23,23,0,1,6,0,0,1,1,0,0,1,628
10000035,1,0,1,11:47,FL,10037,1,0,7,g,2,24,24,0,2,3,1,1,1,3,1,2,3,691
10000035,2,0,1,11:49,FL,10037,1,0,7,g,2,24,24,0,2,9,1,1,1,3,1,2,3,670
10000044,1,0,4,15:21,NV,10046,2,1,1,g,2,54,50,1,3,15,2,1,3,3,1,1,3,591
10000044,2,0,4,15:22,NV,10046,2,1,1,g,2,54,50,1,3,15,2,1,3,3,1,1,3,603
10000045,1,0,3,13:31,OH,10047,1,1,17,c,3,40,40,0,3,5,1,0,3,3,0,2,2,560
10000045,2,0,3,13:31,OH,10047,1,1,17,c,3,40,40,0,3,5,1,1,3,3,1,1,2,571
10000045,3,0,3,13:32,OH,10047,1,1,17,c,3,40,40,0,3,5,1,1,3,3,1,1,2,583
10000046,1,0,1,16:49,NE,10048,2,1,7,g,3,33,31,1,3,6,1,1,3,3,1,2,2,597
10000046,2,0,1,16:50,NE,10048,2,1,7,g,3,33,31,1,3,6,1,0,3,3,0,2,1,581
10000051,1,0,0,13:57,OK,10005,1,0,13,e,3,44,44,0,1,8,0,0,1,1,0,0,2,517
10000051,2,0,0,13:58,OK,10005,1,0,13,e,3,44,44,0,1,8,0,0,1,1,0,0,2,517
10000051,3,0,0,13:59,OK,10005,1,0,13,e,3,44,44,0,1,8,1,1,2,1,1,2,2,613
10000051,4,0,0,14:02,OK,10005,1,0,13,e,3,44,44,0,1,8,1,1,2,1,1,2,2,616
10000053,1,0,1,16:25,CO,10054,1,0,12,g,4,23,23,0,4,5,1,0,3,3,0,2,2,605
10000053,2,0,1,16:27,CO,10054,1,0,12,g,4,23,23,0,4,5,1,0,3,3,0,2,2,605
10000053,3,0,1,16:30,CO,10054,1,0,12,g,4,23,23,0,4,5,1,1,4,3,0,2,2,615
10000056,1,0,4,15:09,MO,10057,2,0,9,d,NA,49,49,0,3,14,1,1,2,3,0,1,3,616
10000056,2,0,4,15:10,MO,10057,2,0,9,d,NA,49,49,0,3,14,1,1,2,3,0,1,1,598
10000058,1,0,0,12:01,TN,10059,1,1,13,f,NA,57,57,0,2,2,1,1,2,2,1,1,2,639
10000058,2,0,0,12:01,TN,10059,1,1,13,f,NA,57,57,0,2,2,1,1,2,2,1,1,1,642
10000058,3,0,0,12:06,TN,10059,1,1,13,f,NA,57,57,0,2,2,1,1,2,2,1,1,1,642
10000058,4,0,0,15:49,TN,10059,1,1,13,f,NA,57,57,0,2,2,1,1,2,2,1,1,1,642
10000065,1,0,3,13:50,OH,10066,4,0,0,f,3,65,27,1,3,6,1,0,2,2,0,2,4,693
10000065,2,0,3,13:51,OH,10066,4,0,0,f,3,65,27,1,3,6,1,0,2,2,0,2,3,675
10000065,3,0,3,13:53,OH,10066,4,0,0,f,3,65,27,1,3,6,1,0,3,3,0,2,3,670
10000065,4,0,3,13:54,OH,10066,4,0,0,f,3,65,27,1,3,6,1,0,3,3,0,2,3,675
10000067,1,0,3,15:22,OK,10068,1,1,14,f,NA,20,20,0,NA,NA,0,0,1,1,0,0,2,647
10000067,2,0,3,15:26,OK,10068,1,1,14,f,NA,20,20,0,NA,NA,1,0,1,2,0,2,2,751
10000067,3,0,3,15:28,OK,10068,1,1,14,f,NA,20,20,0,1,4,1,0,1,2,0,2,2,677
10000067,4,0,3,15:29,OK,10068,1,1,14,f,NA,20,20,0,1,4,1,0,1,2,0,2,2,690
10000067,5,0,3,15:30,OK,10068,1,1,14,f,NA,20,20,0,1,4,1,0,1,2,0,2,2,677
10000067,6,0,3,15:34,OK,10068,1,1,14,f,NA,20,20,0,1,4,1,0,1,2,0,2,2,677
10000067,7,0,3,15:36,OK,10068,1,1,14,f,NA,20,20,0,1,4,1,0,1,2,0,2,2,677
10000070,1,0,2,16:08,ME,10071,1,0,2,e,4,27,27,0,1,2,1,1,2,3,1,1,4,649
10000070,2,0,2,16:08,ME,10071,1,0,2,e,4,27,27,0,1,2,1,1,2,3,1,1,4,649
10000070,3,0,2,16:11,ME,10071,1,0,2,e,4,27,27,0,1,2,1,1,2,3,1,1,1,630
10000070,4,0,2,16:12,ME,10071,1,0,2,e,4,27,27,0,1,2,1,0,2,3,0,1,1,622
10000071,1,0,0,14:08,KY,10072,1,0,7,e,NA,29,23,1,1,2,1,0,3,3,0,2,1,665
10000071,2,0,0,14:09,KY,10072,1,0,7,e,NA,29,23,1,1,2,1,0,1,3,0,2,1,645
10000074,1,0,0,18:13,CO,10074,2,1,5,e,NA,44,42,1,2,5,1,0,1,1,0,2,2,574
10000074,2,0,0,18:14,CO,10074,2,1,5,e,NA,44,42,1,2,5,1,0,1,1,0,2,2,574
10000081,1,0,3,11:11,OH,10081,2,1,12,e,4,60,57,1,3,4,2,0,3,3,0,3,3,584
10000081,2,0,3,11:12,OH,10081,2,1,12,e,4,60,57,1,3,4,1,1,3,3,0,1,3,599
10000081,3,0,3,12:41,OH,10081,2,1,12,e,4,60,57,1,3,4,1,1,3,3,0,1,3,599
10000081,4,0,3,12:47,OH,10081,2,1,12,e,4,60,57,1,3,4,1,1,3,3,0,1,3,599
10000081,5,0,3,12:49,OH,10081,2,1,12,e,4,60,57,1,3,4,1,1,3,3,0,1,3,599
10000081,6,0,3,12:50,OH,10081,2,1,12,e,4,60,57,1,3,4,1,1,3,3,0,1,3,599
10000083,1,0,2,7:32,ME,10083,1,0,8,f,NA,57,57,0,2,3,1,0,3,3,1,1,1,619
10000083,2,0,2,7:32,ME,10083,1,0,8,f,NA,57,57,0,2,3,1,0,3,3,1,1,2,638
10000083,3,0,2,7:34,ME,10083,1,0,8,f,NA,57,57,0,2,3,0,0,3,3,0,0,2,591
10000085,1,0,3,18:10,UT,10085,2,1,3,d,NA,50,19,0,NA,NA,1,0,2,2,0,2,2,749
10000085,2,0,3,18:11,UT,10085,2,1,3,d,NA,50,19,0,1,3,1,0,2,2,0,2,1,657
10000085,3,0,3,18:15,UT,10085,2,1,3,d,NA,50,19,0,1,3,1,0,2,2,1,1,1,660
10000085,4,0,3,18:16,UT,10085,2,1,3,d,NA,50,19,0,1,3,1,0,1,2,1,1,1,656
10000093,1,0,0,8:30,PA,10093,1,0,10,f,NA,42,42,0,1,1,1,0,3,2,0,2,1,685
10000093,2,0,0,8:31,PA,10093,1,0,10,f,NA,42,42,0,1,1,1,0,3,2,0,2,1,676
10000099,1,0,4,8:48,KY,10099,1,0,16,d,NA,48,48,0,2,1,1,0,2,3,0,2,1,664
10000099,2,0,4,8:49,KY,10099,1,0,16,d,NA,48,48,0,2,1,1,0,2,3,0,2,1,673
10000099,3,0,4,8:50,KY,10099,1,0,16,d,NA,48,48,0,2,1,0,0,2,3,0,2,1,659
10000101,1,0,1,10:07,NY,10101,1,0,1,g,1,49,49,0,3,15,1,1,3,2,1,0,4,676
10000101,2,0,1,10:08,NY,10101,1,0,1,g,1,49,49,0,3,15,1,1,3,2,1,0,2,670
10000101,3,0,1,10:10,NY,10101,1,0,1,g,1,49,49,0,3,15,1,1,3,2,1,0,2,670
10000101,4,0,1,10:27,NY,10101,1,0,1,g,1,49,49,0,3,15,1,1,3,2,1,0,2,670
10000106,1,0,4,14:34,GA,10106,2,0,4,e,NA,25,25,1,3,4,1,1,3,3,1,1,1,661
10000106,2,0,4,14:35,GA,10106,2,0,4,e,NA,25,25,1,3,4,1,1,3,3,1,1,3,674
10000106,3,0,4,14:37,GA,10106,2,0,4,e,NA,25,25,1,3,4,1,1,3,3,1,1,3,674
10000109,1,0,2,12:11,AL,10109,2,1,12,f,NA,43,37,1,1,2,0,0,1,1,0,0,4,574
10000109,2,0,2,12:19,AL,10109,2,1,12,f,NA,43,37,1,1,2,1,1,2,3,0,2,2,621
10000109,3,0,2,12:20,AL,10109,2,1,12,f,NA,43,37,1,1,2,1,1,2,3,0,2,2,621
10000109,1,0,2,12:11,AL,10109,2,1,12,f,NA,43,37,1,1,2,0,0,1,1,0,0,4,574
10000109,2,0,2,12:19,AL,10109,2,1,12,f,NA,43,37,1,1,2,1,1,2,3,0,2,2,621
10000109,3,0,2,12:20,AL,10109,2,1,12,f,NA,43,37,1,1,2,1,1,2,3,0,2,2,621
10000110,1,0,1,19:07,CO,10110,2,1,6,g,3,34,33,1,3,7,1,1,3,3,1,2,4,624
10000110,2,0,1,19:08,CO,10110,2,1,6,g,3,34,33,1,3,7,1,1,3,3,1,2,2,627
10000120,1,0,0,14:35,NY,10120,1,1,4,e,1,60,60,0,3,7,0,0,1,2,0,0,2,552
10000120,2,0,0,14:36,NY,10120,1,1,4,e,1,60,60,0,3,7,1,1,3,3,1,0,2,617
10000120,3,0,0,14:36,NY,10120,1,1,4,e,1,60,60,0,3,7,1,1,3,3,1,0,3,621
10000120,4,0,0,14:39,NY,10120,1,1,4,e,1,60,60,0,3,7,1,1,3,3,1,0,3,625
10000140,1,0,4,18:26,WA,10140,1,0,11,g,NA,43,43,0,1,2,1,0,1,2,0,1,1,689
10000140,2,0,4,18:27,WA,10140,1,0,11,g,NA,43,43,0,1,2,1,0,1,2,0,1,1,683
10000142,1,0,2,16:16,TN,10142,1,1,21,d,3,60,58,1,2,15,1,1,3,3,0,2,3,563
10000142,2,0,2,16:18,TN,10142,1,1,21,d,3,60,58,1,2,15,0,1,2,3,0,0,2,513
10000153,1,0,4,14:47,NY,10153,2,1,6,d,2,63,63,1,3,8,0,0,3,3,0,0,2,626
10000153,2,0,4,14:48,NY,10153,2,1,6,d,2,63,63,1,3,8,1,1,3,3,1,0,1,660
10000171,1,0,1,11:56,CT,10170,1,1,7,e,4,45,45,0,4,14,1,0,3,3,0,0,1,617
10000171,2,0,1,12:06,CT,10170,1,1,7,e,4,45,45,0,4,14,1,0,3,3,0,0,1,618
10000186,1,0,2,9:41,WI,10184,1,1,5,d,NA,51,51,0,3,15,2,1,3,3,1,1,4,640
10000186,2,0,2,9:42,WI,10184,1,1,5,d,NA,51,51,0,3,15,2,1,3,3,1,1,4,640
10000186,3,0,2,9:43,WI,10184,1,1,5,d,NA,51,51,0,3,15,2,1,3,3,1,1,4,640
10000186,4,0,2,9:44,WI,10184,1,1,5,d,NA,51,51,0,3,15,2,1,3,3,1,1,2,637
10000186,5,0,2,9:45,WI,10184,1,1,5,d,NA,51,51,0,3,15,2,1,3,3,1,1,3,643
10000195,1,0,0,15:33,OR,10192,1,0,4,f,4,44,44,0,4,5,1,1,3,3,0,1,2,605
10000195,2,0,0,15:34,OR,10192,1,0,4,f,4,44,44,0,4,5,1,1,3,3,0,1,2,614
10000195,3,0,0,15:36,OR,10192,1,0,4,f,4,44,44,0,4,5,1,1,3,3,0,1,2,614
10000195,4,0,0,15:52,OR,10192,1,0,4,f,4,44,44,0,4,5,1,1,3,3,0,1,2,621
10000195,5,0,0,15:54,OR,10192,1,0,4,f,4,44,44,0,4,5,1,1,3,3,0,1,2,614
10000196,1,0,2,14:44,UT,10193,1,0,10,f,NA,21,21,0,1,4,1,1,3,3,0,2,1,647
10000196,2,0,2,14:45,UT,10193,1,0,10,f,NA,21,21,0,1,4,1,1,3,3,0,2,1,628
10000196,3,0,2,14:46,UT,10193,1,0,10,f,NA,21,21,0,1,4,2,1,1,2,0,3,1,596
10000196,4,0,2,14:49,UT,10193,1,0,10,f,NA,21,21,0,1,4,2,1,1,2,0,1,1,605
10000196,5,0,2,14:49,UT,10193,1,0,10,f,NA,21,21,0,1,4,2,1,1,2,0,1,1,605
10000201,1,0,4,14:30,OR,10198,1,0,6,e,NA,23,23,0,3,8,1,0,3,3,0,1,3,690
10000201,2,0,4,14:31,OR,10198,1,0,6,e,NA,23,23,0,3,8,1,1,2,3,0,1,1,670
10000201,3,0,4,14:39,OR,10198,1,0,6,e,NA,23,23,0,3,8,1,1,2,3,0,1,1,679
10000201,4,0,4,14:48,OR,10198,1,0,6,e,NA,23,23,0,3,8,1,1,2,3,0,1,1,679
10000201,5,0,4,14:49,OR,10198,1,0,6,e,NA,23,23,0,3,8,1,1,2,3,0,1,1,679
10000201,6,0,4,14:53,OR,10198,1,0,6,e,NA,23,23,0,3,8,1,1,2,3,0,1,1,679
10000201,7,0,4,15:05,OR,10198,1,0,6,e,NA,23,23,0,3,8,1,1,2,3,0,1,1,679
10000202,1,0,1,10:40,UT,10199,2,1,14,,NA,46,43,1,NA,NA,1,1,1,2,0,1,2,681
10000202,2,0,1,10:47,UT,10199,2,1,14,,NA,46,43,1,NA,NA,0,0,1,2,0,0,2,599
10000202,3,0,1,10:57,UT,10199,2,1,14,g,NA,46,43,1,1,1,0,0,1,2,0,0,2,572
10000204,1,0,3,11:28,ID,10201,2,0,3,d,1,58,23,0,3,2,1,1,3,3,0,2,4,634
10000204,2,0,3,11:30,ID,10201,2,0,3,d,1,58,23,0,3,2,1,1,3,3,0,2,4,634
10000204,3,0,3,11:31,ID,10201,2,0,3,d,1,58,23,0,3,2,1,1,3,3,0,2,4,634
10000222,1,0,2,14:51,GA,10219,1,0,3,e,NA,55,55,0,1,9,1,1,3,3,1,2,2,708
10000222,2,0,2,14:53,GA,10219,1,0,3,e,NA,55,55,0,1,9,1,1,2,3,1,2,2,692
10000223,1,0,3,21:05,NH,10220,2,1,1,f,4,75,75,1,3,1,1,0,3,3,0,1,1,599
10000223,2,0,3,21:08,NH,10220,2,1,1,f,4,75,75,1,3,1,1,0,3,3,1,1,3,610
10000223,3,0,3,21:12,NH,10220,2,1,1,f,4,75,75,1,3,1,1,0,3,3,1,1,3,610
10000223,4,0,3,21:16,NH,10220,2,1,1,f,4,75,75,1,3,1,1,0,3,3,0,1,1,591
10000225,1,0,3,10:20,WI,10222,1,0,19,d,NA,29,29,0,2,4,1,0,2,2,0,2,2,626
10000225,2,0,3,10:23,WI,10222,1,0,19,d,NA,29,29,0,2,4,1,0,2,2,0,2,2,626
10000225,3,0,3,10:25,WI,10222,1,0,19,d,NA,29,29,0,2,4,0,0,2,2,0,0,2,570
10000225,4,0,3,10:26,WI,10222,1,0,19,d,NA,29,29,0,2,4,0,0,2,2,0,0,2,570
10000226,1,0,2,14:49,GA,10223,1,1,2,f,NA,37,37,0,1,5,0,0,2,2,0,0,4,572
10000226,2,0,2,14:50,GA,10223,1,1,2,f,NA,37,37,0,1,5,1,1,2,2,1,2,4,635
10000232,1,0,4,11:40,ME,10228,1,0,9,e,NA,53,53,0,2,11,0,0,2,2,0,0,1,544
10000232,2,0,4,11:40,ME,10228,1,0,9,e,NA,53,53,0,2,11,1,0,2,2,0,2,1,586
10000233,1,0,4,10:33,TN,10229,1,0,8,g,NA,42,42,0,1,2,1,1,1,3,1,2,2,662
10000233,2,0,4,10:34,TN,10229,1,0,8,g,NA,42,42,0,1,2,1,1,1,3,1,2,2,662
10000233,3,0,4,10:34,TN,10229,1,0,8,g,NA,42,42,0,1,2,1,1,1,3,1,2,2,665
10000238,1,0,4,14:30,MO,10015,1,0,4,f,3,28,28,0,3,1,1,1,3,3,0,2,2,602
10000238,2,0,4,14:30,MO,10015,1,0,4,f,3,28,28,0,3,1,1,1,3,3,0,2,2,602
10000241,1,0,2,16:57,TN,10237,1,1,3,f,NA,50,50,0,1,6,1,0,2,2,0,2,3,624
10000241,2,0,2,16:59,TN,10237,1,1,3,f,NA,50,50,0,1,6,1,1,1,1,1,2,1,619
10000247,1,0,2,9:03,IA,10243,1,0,8,f,NA,37,37,0,4,3,1,0,3,3,0,2,2,570
10000247,2,0,2,9:03,IA,10243,1,0,8,f,NA,37,37,0,4,3,1,0,3,3,0,2,2,570
10000247,3,0,2,9:05,IA,10243,1,0,8,f,NA,37,37,0,4,3,1,0,3,3,0,2,2,567
10000251,1,0,0,10:35,CT,10247,2,1,3,f,1,46,27,0,4,3,1,0,3,3,1,0,1,657
10000251,2,0,0,10:36,CT,10247,2,1,3,f,1,46,27,0,4,3,1,0,3,3,1,0,1,657
10000267,1,0,3,13:31,WV,10262,1,1,4,f,NA,38,38,0,2,6,1,1,3,3,0,2,2,661
10000267,2,0,3,13:33,WV,10262,1,1,4,f,NA,38,38,0,2,6,1,0,2,3,0,2,2,654
10000267,3,0,3,13:34,WV,10262,1,1,4,f,NA,38,38,0,2,6,1,0,1,1,0,2,2,653
10000267,4,0,3,13:35,WV,10262,1,1,4,f,NA,38,38,0,2,6,1,0,1,1,0,2,2,656
10000273,1,0,2,9:21,IN,10268,1,0,7,e,4,29,29,0,2,7,1,0,2,2,0,2,1,607
10000273,2,0,2,9:22,IN,10268,1,0,7,e,4,29,29,0,2,7,0,0,2,2,0,0,1,553
10000273,3,0,2,9:23,IN,10268,1,0,7,e,4,29,29,0,2,7,0,0,2,2,0,1,1,580
10000276,1,0,2,9:44,CO,10272,1,0,9,g,NA,23,23,0,3,7,2,0,3,3,0,3,2,714
10000276,2,0,2,9:45,CO,10272,1,0,9,g,NA,23,23,0,3,7,2,0,3,3,0,3,1,636
10000292,1,0,0,17:22,NE,10288,2,1,10,f,2,75,75,1,2,9,1,1,2,2,0,0,4,591
10000292,2,0,0,17:23,NE,10288,2,1,10,f,2,75,75,1,2,9,1,1,2,2,0,0,4,591
10000304,1,0,4,15:42,TN,10300,1,1,16,g,3,48,48,0,3,14,1,1,1,2,1,1,1,599
10000304,2,0,4,15:43,TN,10300,1,1,16,g,3,48,48,0,3,14,1,1,3,2,1,1,1,618
10000304,3,0,4,15:44,TN,10300,1,1,16,g,3,48,48,0,3,14,1,1,3,2,1,1,1,618
10000304,4,0,4,15:55,TN,10300,1,1,16,g,3,48,48,0,3,14,1,1,3,2,1,1,4,639
10000304,5,0,4,16:01,TN,10300,1,1,16,g,3,48,48,0,3,14,1,1,3,2,1,1,4,639
10000312,1,0,1,12:09,IN,10307,1,0,15,e,4,56,56,0,NA,NA,0,0,2,2,0,0,2,576
10000312,2,0,1,12:09,IN,10307,1,0,15,e,4,56,56,0,NA,NA,0,0,2,2,0,0,2,576
10000315,1,0,4,11:53,CT,10310,1,1,6,f,3,42,42,0,3,15,2,0,3,3,0,0,4,625
10000315,2,0,4,12:07,CT,10310,1,1,6,f,3,42,42,0,3,15,2,0,3,3,0,0,4,625
10000317,1,0,0,16:56,ID,10312,1,1,12,d,3,41,20,0,4,5,0,1,4,3,0,0,4,590
10000317,2,0,0,16:57,ID,10312,1,1,12,d,3,41,20,0,4,5,0,1,4,3,0,0,4,592
10000317,3,0,0,17:01,ID,10312,1,1,12,d,3,41,20,0,4,5,0,1,4,3,0,0,4,592
10000317,4,0,0,17:58,ID,10312,1,1,12,d,3,41,20,0,4,5,0,1,4,3,0,0,4,606
10000319,1,0,3,16:35,NV,10314,1,0,11,c,3,58,58,0,2,8,1,1,1,2,1,2,1,604
10000319,2,0,3,16:36,NV,10314,1,0,11,c,3,58,58,0,2,8,0,0,1,2,0,0,1,590
10000319,3,0,3,16:37,NV,10314,1,0,11,c,3,58,58,0,2,8,0,0,1,2,0,0,1,609
10000319,4,0,3,16:41,NV,10314,1,0,11,c,3,58,58,0,2,8,0,0,1,2,0,0,1,578
10000322,1,0,1,14:48,CT,10317,1,0,13,d,2,72,72,0,1,3,1,0,3,3,1,0,4,653
10000322,2,0,1,14:49,CT,10317,1,0,13,d,2,72,72,0,1,3,0,0,1,2,0,0,4,609
10000322,3,0,1,14:50,CT,10317,1,0,13,d,2,72,72,0,1,3,0,0,1,2,0,0,1,595
10000325,1,0,2,13:21,MS,10320,2,0,5,h,NA,28,25,1,2,6,0,0,1,1,0,0,4,595
10000325,2,0,2,13:23,MS,10320,2,0,5,h,NA,28,25,1,2,6,1,1,2,2,1,2,4,711
10000325,3,0,2,13:26,MS,10320,2,0,5,h,NA,28,25,1,2,6,1,1,2,2,1,2,3,705
10000325,4,0,2,13:27,MS,10320,2,0,5,h,NA,28,25,1,2,6,1,1,2,2,1,2,3,706
10000327,1,0,3,8:30,MD,10322,1,0,10,e,4,46,46,0,2,0,1,0,3,3,1,2,4,699
10000327,2,0,3,8:31,MD,10322,1,0,10,e,4,46,46,0,2,0,1,1,2,2,1,1,2,687
10000328,1,0,2,14:22,GA,10323,1,0,14,f,4,27,27,0,4,3,1,1,2,2,1,1,1,608
10000328,2,0,2,14:23,GA,10323,1,0,14,f,4,27,27,0,4,3,1,1,2,2,1,1,1,608
10000328,3,0,2,14:27,GA,10323,1,0,14,f,4,27,27,0,4,3,1,1,2,2,1,1,1,608
10000328,4,0,2,14:28,GA,10323,1,0,14,f,4,27,27,0,4,3,1,1,2,2,1,1,1,608
10000328,5,0,2,14:29,GA,10323,1,0,14,f,4,27,27,0,4,3,1,1,2,2,1,1,1,619
10000328,6,0,2,14:39,GA,10323,1,0,14,f,4,27,27,0,4,3,1,1,2,2,1,1,1,619
10000329,1,0,1,9:36,IN,10324,1,0,3,e,2,21,21,0,NA,NA,1,1,2,2,1,2,1,689
10000329,2,0,1,9:42,IN,10324,1,0,3,e,2,21,21,0,NA,NA,1,1,1,2,1,2,1,709
10000342,1,0,1,10:36,MD,10335,1,1,7,f,2,36,36,0,2,7,1,1,1,1,1,2,1,641
10000342,2,0,1,10:37,MD,10335,1,1,7,f,2,36,36,0,2,7,1,0,2,2,0,2,1,640
10000342,3,0,1,10:38,MD,10335,1,1,7,f,2,36,36,0,2,7,1,0,2,2,0,2,1,632
10000342,4,0,1,10:39,MD,10335,1,1,7,f,2,36,36,0,2,7,1,0,2,2,0,2,1,632
10000352,1,0,4,17:49,MD,10346,1,0,14,f,4,37,37,0,2,2,1,1,1,1,1,2,2,672
10000352,2,0,4,17:50,MD,10346,1,0,14,f,4,37,37,0,2,2,1,1,1,1,1,2,2,672
10000356,1,0,3,11:19,AL,10352,2,1,6,h,NA,75,72,1,1,15,1,0,2,3,0,1,1,639
10000356,2,0,3,11:20,AL,10352,2,1,6,h,NA,75,72,1,1,15,1,0,2,2,0,1,1,640
10000356,3,0,3,11:22,AL,10352,2,0,6,h,NA,75,72,1,1,15,1,0,2,2,0,1,1,642
10000356,4,0,3,11:22,AL,10352,2,0,6,h,NA,75,72,1,1,15,1,0,2,2,0,1,1,642
10000356,5,0,3,11:23,AL,10352,2,0,6,h,NA,75,72,1,1,15,1,0,2,2,0,1,2,638
10000356,6,0,3,11:43,AL,10352,2,0,6,h,NA,75,72,1,1,15,1,0,2,2,0,1,1,642
10000356,7,0,3,11:44,AL,10352,2,0,6,h,NA,75,72,1,1,15,1,0,2,2,0,1,1,642
10000356,1,0,3,11:19,AL,10352,2,1,6,h,NA,75,72,1,1,15,1,0,2,3,0,1,1,639
10000356,2,0,3,11:20,AL,10352,2,1,6,h,NA,75,72,1,1,15,1,0,2,2,0,1,1,640
10000356,3,0,3,11:22,AL,10352,2,0,6,h,NA,75,72,1,1,15,1,0,2,2,0,1,1,642
10000356,4,0,3,11:22,AL,10352,2,0,6,h,NA,75,72,1,1,15,1,0,2,2,0,1,1,642
10000356,5,0,3,11:23,AL,10352,2,0,6,h,NA,75,72,1,1,15,1,0,2,2,0,1,2,638
10000356,6,0,3,11:43,AL,10352,2,0,6,h,NA,75,72,1,1,15,1,0,2,2,0,1,1,642
10000356,7,0,3,11:44,AL,10352,2,0,6,h,NA,75,72,1,1,15,1,0,2,2,0,1,1,642
10000370,1,0,1,18:51,OR,10367,1,1,11,e,3,75,75,0,3,1,1,1,3,3,1,1,2,617
10000370,2,0,1,18:52,OR,10367,1,1,11,e,3,75,75,0,3,1,1,0,3,3,0,1,2,611
10000370,3,0,1,18:54,OR,10367,1,1,11,e,3,75,75,0,3,1,1,0,3,3,0,1,2,611
10000370,4,0,1,19:11,OR,10367,1,1,11,e,3,75,75,0,3,1,1,0,3,3,0,1,2,620
10000370,5,0,1,19:16,OR,10367,1,1,11,e,3,75,75,0,3,1,1,0,3,3,0,1,2,620
10000370,6,0,1,19:18,OR,10367,1,1,11,e,3,75,75,0,3,1,1,0,3,3,0,1,2,597
10000373,1,0,4,14:19,DE,10369,1,1,1,g,1,75,75,0,4,6,1,0,3,3,0,1,2,634
10000373,2,0,4,14:19,DE,10369,1,1,1,g,1,75,75,0,4,6,2,0,4,3,0,1,2,634
10000373,3,0,4,14:20,DE,10369,1,1,1,g,1,75,75,0,4,6,2,0,4,3,0,1,2,634
10000399,1,0,2,15:31,ME,10128,1,1,5,f,4,52,52,0,1,4,1,1,3,3,1,1,4,600
10000399,2,0,2,15:32,ME,10128,1,1,5,f,4,52,52,0,1,4,1,1,3,3,1,1,1,572
10000399,3,0,2,15:34,ME,10128,1,1,5,f,4,52,52,0,1,4,1,1,3,3,1,1,1,580
10000399,4,0,2,15:34,ME,10128,1,1,5,f,4,52,52,0,1,4,1,1,3,3,1,1,1,572
10000419,1,0,3,16:01,MD,10412,1,1,7,f,4,42,42,0,2,1,2,1,2,2,1,3,2,671
10000419,2,0,3,16:02,MD,10412,1,1,7,f,4,42,42,0,2,1,2,1,2,2,1,3,3,681
10000424,1,0,3,11:50,OR,10416,1,0,26,d,NA,46,46,0,3,5,0,0,3,3,0,0,4,562
10000424,2,0,3,11:50,OR,10416,1,0,26,d,NA,46,46,0,3,5,0,0,3,3,0,0,3,588
10000424,3,0,3,11:51,OR,10416,1,0,26,d,NA,46,46,0,3,5,0,0,3,3,0,0,3,588
10000424,4,0,3,11:52,OR,10416,1,0,26,d,NA,46,46,0,3,5,0,0,3,3,0,0,2,579
10000434,1,0,1,11:49,KS,10426,2,1,4,d,NA,47,16,0,3,7,0,0,1,1,0,0,4,628
10000434,2,0,1,11:50,KS,10426,2,1,4,d,NA,47,16,0,3,7,1,0,3,3,0,2,2,682
10000436,1,0,0,16:46,MS,10428,1,1,10,e,NA,28,28,0,NA,NA,0,0,1,1,0,0,2,598
10000436,2,0,0,16:47,MS,10428,1,1,10,e,NA,28,28,0,NA,NA,1,1,1,1,1,2,2,729
10000438,1,0,2,11:47,IN,10430,2,1,12,g,1,75,75,1,3,15,1,0,3,3,0,2,4,606
10000438,2,0,2,11:48,IN,10430,2,1,12,g,1,75,75,1,3,15,1,0,3,3,0,2,3,619
10000438,3,0,2,11:55,IN,10430,2,1,12,g,1,75,75,1,3,15,1,0,3,3,0,2,3,638
10000442,1,0,1,11:47,AL,10124,1,1,9,e,NA,34,34,0,2,6,0,0,2,2,0,0,4,566
10000442,2,0,1,11:47,AL,10124,1,1,9,e,NA,34,34,0,2,6,1,1,2,2,1,2,2,625
10000442,3,0,1,11:48,AL,10124,1,1,9,e,NA,34,34,0,2,6,1,1,2,2,1,2,1,631
10000442,4,0,1,11:52,AL,10124,1,1,9,e,NA,34,34,0,2,6,1,1,2,2,1,2,1,631
10000456,1,0,3,13:32,NH,10447,2,1,3,d,NA,52,20,1,3,3,1,0,3,2,1,2,1,630
10000456,2,0,3,13:33,NH,10447,2,1,3,d,NA,52,20,1,3,3,1,0,3,3,1,1,3,647
10000467,1,0,1,17:56,NV,10189,1,0,1,f,NA,23,23,0,3,4,1,0,3,3,0,2,2,668
10000467,2,0,1,17:58,NV,10189,1,0,1,f,NA,23,23,0,3,4,1,1,3,3,1,2,2,698
10000467,3,0,1,18:00,NV,10189,1,0,1,f,NA,23,23,0,3,4,1,1,3,3,1,2,2,707
10000467,4,0,1,18:06,NV,10189,1,0,1,f,NA,23,23,0,3,4,1,1,2,3,1,2,2,697
10000467,5,0,1,18:07,NV,10189,1,0,1,f,NA,23,23,0,3,4,1,1,2,3,1,2,2,697
10000467,6,0,1,18:08,NV,10189,1,0,1,f,NA,23,23,0,3,4,1,1,2,3,1,2,2,693
10000477,1,0,3,15:32,MD,10360,1,0,6,e,4,28,28,0,2,13,2,0,3,3,0,1,2,670
10000477,2,0,3,15:32,MD,10360,1,0,6,e,4,28,28,0,2,13,2,0,3,3,0,1,1,668
10000524,1,0,0,12:59,MO,10503,1,1,8,g,NA,52,52,0,3,6,1,0,3,3,1,1,2,600
10000524,2,0,0,12:59,MO,10503,1,1,8,g,NA,52,52,0,3,6,1,0,3,3,1,2,2,596
10000524,3,0,0,13:00,MO,10503,1,1,8,g,NA,52,52,0,3,6,1,0,3,3,1,2,2,596
10000524,4,0,0,13:02,MO,10503,1,1,8,g,NA,52,52,0,3,6,1,0,3,3,1,2,2,598
10000524,5,0,0,16:25,MO,10503,1,1,8,g,NA,52,52,0,3,6,1,0,3,3,1,2,2,598
10000524,6,0,0,16:26,MO,10503,1,1,8,g,NA,52,52,0,3,6,1,0,3,3,1,2,2,598
10000526,1,0,0,11:39,MS,10505,2,1,7,i,NA,64,41,0,1,3,0,0,1,1,0,0,4,621
10000526,2,0,0,11:43,MS,10505,2,1,7,i,NA,64,41,0,1,3,1,1,1,1,1,2,2,721
10000527,1,0,0,11:05,DE,10506,3,0,12,e,4,65,19,1,3,9,0,0,1,1,0,0,4,642
10000527,2,0,0,11:06,DE,10506,3,0,12,e,4,65,19,1,3,9,1,0,3,3,0,2,2,679
10000527,3,0,0,11:07,DE,10506,3,0,12,e,4,65,19,1,3,9,1,0,3,3,0,2,2,693
10000535,1,0,3,16:13,NM,10097,1,1,10,e,NA,48,48,0,1,0,1,0,1,2,0,2,2,657
10000535,2,0,3,16:14,NM,10097,1,1,10,e,NA,48,48,0,1,0,1,0,1,2,0,2,2,657
10000564,1,0,4,13:19,WI,10540,1,0,11,e,NA,41,41,0,1,1,2,0,3,3,0,2,3,631
10000564,2,0,4,13:20,WI,10540,1,0,11,e,NA,41,41,0,1,1,2,1,3,3,0,2,3,631
10000564,3,0,4,13:22,WI,10540,1,0,11,e,NA,41,41,0,1,1,2,1,3,3,0,2,3,631
10000605,1,0,3,11:21,MS,10571,1,1,2,g,NA,40,40,0,NA,NA,0,0,1,1,0,0,2,633
10000605,2,0,3,11:23,MS,10571,1,1,2,g,NA,40,40,0,1,4,1,1,1,2,1,2,4,712
10000612,1,0,3,13:03,NM,10578,2,1,14,f,NA,54,52,1,1,12,0,0,1,1,0,0,2,584
10000612,2,0,3,13:04,NM,10578,2,1,14,f,NA,54,52,1,1,12,0,0,1,1,0,0,2,586
10000613,1,0,3,16:51,ID,10579,1,1,5,e,4,36,36,0,3,8,1,0,3,2,0,2,1,603
10000613,2,0,3,16:54,ID,10579,1,1,5,e,4,36,36,0,3,8,1,0,3,2,0,2,1,603
10000613,3,0,3,17:12,ID,10579,1,1,5,e,4,36,36,0,3,8,1,0,3,2,0,2,1,603
10000613,4,0,3,17:13,ID,10579,1,0,5,e,4,36,36,0,3,8,1,0,3,2,0,2,1,610
10000613,5,0,3,17:16,ID,10579,1,1,5,e,4,36,36,0,3,8,1,0,3,2,0,2,1,603
10000613,6,0,3,17:21,ID,10579,1,0,5,e,4,36,36,0,3,8,1,0,3,2,0,2,1,610
10000613,7,0,3,17:22,ID,10579,1,0,5,e,4,36,36,0,3,8,1,0,3,2,0,2,1,610
10000613,8,0,3,17:23,ID,10579,1,0,5,e,4,36,36,0,3,8,1,0,3,2,0,2,1,610
10000613,9,0,3,17:34,ID,10579,1,0,5,e,4,36,36,0,3,8,1,0,3,2,0,2,1,610
10000613,10,0,3,17:37,ID,10579,1,0,5,e,4,36,36,0,3,8,1,0,3,2,0,2,1,610
10000748,1,0,3,12:32,DE,10694,1,0,24,d,3,20,20,0,2,4,1,1,4,3,1,2,4,732
10000748,2,0,3,12:32,DE,10694,1,0,24,d,3,20,20,0,2,4,0,0,1,1,0,0,1,639
10000785,1,0,1,15:17,RI,10725,1,1,10,e,3,55,55,0,2,15,1,1,3,3,1,1,1,632
10000785,2,0,1,15:18,RI,10725,1,1,10,e,3,55,55,0,2,15,1,1,2,3,1,2,1,620
10000789,1,0,1,8:58,NH,10348,2,1,8,f,NA,52,50,1,1,2,1,1,3,3,1,1,1,621
10000789,2,0,1,8:59,NH,10348,2,1,8,f,NA,52,50,1,1,2,1,1,3,3,1,1,1,630
10000843,1,0,0,15:36,WI,10767,1,1,9,g,NA,29,29,0,4,4,1,1,3,3,1,2,2,634
10000843,2,0,0,15:38,WI,10767,1,1,9,g,NA,29,29,0,4,4,2,0,3,3,0,2,3,646
10000887,1,0,0,13:51,IA,10243,2,0,12,e,NA,34,28,1,1,1,1,1,1,3,0,2,1,545
10000887,2,0,0,13:55,IA,10243,2,0,12,e,NA,34,28,1,1,1,1,1,3,3,0,2,2,549
10000909,1,0,2,11:59,WV,10822,1,1,3,f,4,31,31,0,NA,NA,1,0,3,3,0,2,4,651
10000909,2,0,2,12:01,WV,10822,1,1,3,f,4,31,31,0,3,2,1,0,3,3,0,2,2,672
10000909,3,0,2,12:02,WV,10822,1,1,3,f,4,31,31,0,3,2,1,0,3,3,0,2,2,683
10000909,4,0,2,12:03,WV,10822,1,1,3,f,4,31,31,0,3,2,1,0,3,3,0,2,2,680
10000938,1,0,3,16:44,WY,10180,1,0,0,e,NA,42,42,0,1,2,0,0,1,1,0,0,2,558
10000938,2,0,3,16:45,WY,10180,1,0,0,e,NA,42,42,0,1,2,2,0,1,1,0,3,2,651
10000938,3,0,3,16:46,WY,10180,1,0,0,e,NA,42,42,0,1,2,2,0,1,1,0,3,2,651
10000938,4,0,3,16:46,WY,10180,1,0,0,e,NA,42,42,0,1,2,2,0,1,1,0,3,2,651
10000938,5,0,3,16:48,WY,10180,1,0,0,e,NA,42,42,0,1,2,2,0,1,1,0,3,2,651
10000938,6,0,3,16:48,WY,10180,1,0,0,e,NA,42,42,0,1,2,2,0,1,1,0,3,2,660
10000957,1,0,3,13:33,MT,10865,2,0,7,g,NA,30,26,1,2,4,1,1,2,3,0,2,1,602
10000957,2,0,3,13:36,MT,10865,2,1,7,g,NA,30,26,1,2,4,1,1,2,3,0,2,1,597
10000957,3,0,3,13:37,MT,10865,2,1,7,g,NA,30,26,1,2,4,1,1,2,3,0,2,1,597
10000957,4,0,3,13:39,MT,10865,2,1,7,g,NA,30,26,1,2,4,1,1,2,3,0,2,1,597
10000957,5,0,3,15:27,MT,10865,2,1,7,g,NA,30,26,1,2,4,1,1,2,3,0,2,1,597
10000957,6,0,3,15:30,MT,10865,2,1,7,g,NA,30,26,1,2,4,1,1,2,3,0,2,1,597
10000968,1,0,0,10:48,NM,10875,1,0,13,f,NA,57,57,0,2,15,0,0,1,1,0,0,4,562
10000968,2,0,0,10:49,NM,10875,1,0,13,f,NA,57,57,0,2,15,0,0,1,1,0,0,2,555
10000968,3,0,0,10:50,NM,10875,1,0,13,f,NA,57,57,0,2,15,0,0,1,1,0,0,2,555
10001000,1,0,3,14:43,ID,10899,2,1,3,d,3,47,23,0,4,9,1,1,1,1,0,2,2,708
10001000,2,0,3,14:45,ID,10899,2,1,3,d,3,47,23,0,4,9,1,1,2,2,0,2,2,715
10001000,3,0,3,14:47,ID,10899,2,1,3,d,3,47,23,0,4,9,1,1,2,2,0,2,3,662
10001000,4,0,3,14:55,ID,10899,2,1,3,d,3,47,23,0,4,9,1,1,2,2,0,2,3,662
10001000,5,0,3,14:56,ID,10899,2,1,3,d,3,47,23,0,4,9,1,1,2,2,0,2,3,662
10001000,6,0,3,14:57,ID,10899,2,1,3,d,3,47,23,0,4,9,1,1,2,2,0,2,3,662
10001101,1,0,0,10:29,WV,10984,1,1,5,d,NA,45,45,0,3,15,1,0,3,3,0,0,2,667
10001101,2,0,0,10:30,WV,10984,1,1,5,d,NA,45,45,0,3,15,1,1,3,3,1,1,2,669
10001101,3,0,0,10:31,WV,10984,1,1,5,d,NA,45,45,0,3,15,1,1,3,3,1,1,2,668
10001101,4,0,0,10:33,WV,10984,1,1,5,d,NA,45,45,0,3,15,1,1,1,1,0,2,2,660
10001101,5,0,0,10:34,WV,10984,1,1,4,d,NA,45,45,0,3,15,1,1,1,1,0,2,2,651
10001118,1,0,0,15:29,SD,10998,1,1,6,f,1,50,50,0,3,15,1,1,3,3,0,2,2,616
10001118,2,0,0,15:31,SD,10998,1,1,6,f,1,50,50,0,3,15,1,1,3,3,0,2,2,591
10001144,1,0,1,12:01,NH,10220,2,1,9,f,NA,57,56,1,3,15,1,0,3,3,0,1,1,556
10001144,2,0,1,12:02,NH,10220,2,1,9,f,NA,57,56,1,3,15,1,0,3,3,0,1,4,567
10001149,1,0,2,12:31,RI,10725,2,0,2,e,3,72,70,1,3,15,1,1,3,3,1,1,1,625
10001149,2,0,2,12:34,RI,10725,2,0,8,e,3,72,70,1,3,15,1,1,3,3,1,1,4,627
10001149,3,0,2,12:34,RI,10725,2,0,8,e,3,72,70,1,3,15,1,1,3,3,1,1,4,619
10001149,4,0,2,12:35,RI,10725,2,0,8,e,3,72,70,1,3,15,2,1,3,3,1,3,4,615
10001149,5,0,2,12:36,RI,10725,2,0,8,e,3,72,70,1,3,15,2,1,3,3,1,3,4,615
10001151,1,0,3,9:46,DE,10694,2,1,13,d,4,49,38,1,3,4,1,1,2,2,1,1,4,659
10001151,2,0,3,9:47,DE,10694,2,1,13,d,4,49,38,1,3,4,1,1,3,2,1,1,2,652
10001151,3,0,3,9:48,DE,10694,2,1,13,d,4,49,38,1,3,4,1,1,3,3,1,1,2,652
10001151,4,0,3,9:50,DE,10694,2,1,13,d,4,49,38,1,3,4,1,1,3,3,1,1,2,656
10001151,5,0,3,9:52,DE,10694,2,1,13,d,4,49,38,1,3,4,1,1,3,3,1,1,2,656
10001158,1,0,2,11:40,NM,11023,1,0,10,f,NA,53,53,0,1,1,1,0,1,1,0,2,1,663
10001158,2,0,2,11:41,NM,11023,1,0,10,f,NA,53,53,0,1,1,0,0,1,1,0,0,2,615
10001158,3,0,2,11:42,NM,11023,1,0,10,f,NA,53,53,0,1,1,0,0,1,1,0,0,2,599
10001214,1,0,4,16:44,MT,11060,1,0,10,g,4,24,24,0,NA,NA,1,0,1,1,0,2,2,719
10001214,2,0,4,16:44,MT,11060,1,0,10,g,4,24,24,0,NA,NA,1,1,1,3,0,2,1,616
10001214,3,0,4,16:45,MT,11060,1,0,10,g,4,24,24,0,NA,NA,1,1,4,3,0,2,3,631
10001216,1,0,4,12:22,WV,11062,1,0,13,e,NA,24,24,0,3,5,1,1,3,2,1,2,3,679
10001216,2,0,4,12:23,WV,11062,1,0,13,e,NA,24,24,0,3,5,1,1,3,2,1,2,3,678
10001216,3,0,4,12:23,WV,11062,1,0,13,e,NA,24,24,0,3,5,1,1,2,2,1,2,3,678
10001216,4,0,4,12:24,WV,11062,1,0,13,e,NA,24,24,0,3,5,1,1,1,2,1,2,3,669
10001216,5,0,4,12:27,WV,11062,1,0,13,e,NA,24,24,0,3,5,1,1,1,2,1,1,2,673
10001216,6,0,4,12:28,WV,11062,1,0,13,e,NA,24,24,0,3,5,1,1,1,2,1,1,2,673
10001283,1,0,2,10:46,WY,11115,1,0,5,f,NA,24,24,0,1,4,1,1,3,3,0,2,2,702
10001283,2,0,2,10:47,WY,11115,1,0,5,f,NA,24,24,0,1,4,1,1,1,3,0,2,2,676
10001337,1,0,2,13:54,ND,11152,1,1,10,e,3,19,19,0,3,2,1,1,3,3,0,2,2,738
10001337,2,0,2,13:55,ND,11152,1,1,10,e,3,19,19,0,3,2,1,1,3,3,0,2,2,738
10001337,3,0,2,13:56,ND,11152,1,1,10,e,3,19,19,0,3,2,0,0,3,3,0,0,2,642
10001337,4,0,2,14:03,ND,11152,1,1,10,e,3,19,19,0,3,2,1,1,3,3,0,2,2,744
10001383,1,0,2,9:40,KS,11185,1,0,1,e,NA,31,31,0,2,10,1,0,2,2,0,2,1,629
10001383,2,0,2,9:44,KS,11185,1,0,1,e,NA,31,31,0,2,10,1,0,2,2,0,2,1,629
10001400,1,0,4,8:20,DC,11196,1,0,11,f,NA,26,26,0,2,7,0,0,1,1,0,0,2,620
10001400,2,0,4,8:21,DC,11196,1,0,11,f,NA,26,26,0,2,7,0,0,1,1,0,0,4,632
10001400,3,0,4,8:22,DC,11196,1,0,11,f,NA,26,26,0,2,7,0,0,1,1,0,0,4,624
10001523,1,0,2,13:15,DC,11284,1,0,19,d,3,26,26,0,NA,NA,0,0,1,1,0,0,2,663
10001523,2,0,2,13:15,DC,11284,1,0,19,d,3,26,26,0,NA,NA,0,1,1,2,0,0,4,613
10001523,3,0,2,13:16,DC,11284,1,0,19,d,3,26,26,0,NA,NA,0,1,1,2,0,0,4,624
10001523,4,0,2,13:17,DC,11284,1,0,19,d,3,26,26,0,NA,NA,0,1,2,2,0,0,4,640
10001523,5,0,2,14:14,DC,11284,1,0,19,d,3,26,26,0,NA,NA,0,1,2,2,0,0,4,640
10001532,1,0,2,15:21,RI,11290,2,1,11,e,NA,43,33,1,NA,NA,2,0,1,1,0,3,2,705
10001532,2,0,2,15:22,RI,11290,2,1,11,e,NA,43,33,1,2,7,2,0,1,1,0,3,1,616
10001610,1,0,3,15:00,RI,10725,2,1,6,d,3,75,75,1,2,15,2,1,3,2,0,3,1,626
10001610,2,0,3,15:00,RI,10725,2,1,6,d,3,75,75,1,2,15,0,1,3,2,0,0,1,603
10001610,3,0,3,15:01,RI,10725,2,1,6,d,3,75,75,1,2,15,0,1,3,2,0,0,4,618
10001610,4,0,3,15:02,RI,10725,2,1,6,d,3,75,75,1,2,15,1,1,3,3,0,1,4,660
10001610,5,0,3,15:02,RI,10725,2,1,6,d,3,75,75,1,2,15,1,1,3,3,0,1,4,660
10001670,1,0,0,10:54,DC,10861,1,1,13,g,4,30,30,0,1,1,1,1,3,3,1,2,4,721
10001670,2,0,0,10:55,DC,10861,1,1,13,g,4,30,30,0,1,1,0,1,2,3,0,0,3,610
10001670,3,0,0,10:56,DC,10861,1,1,13,g,4,30,30,0,1,1,0,1,2,3,0,0,3,610
10001670,4,0,0,10:56,DC,10861,1,1,13,g,4,30,30,0,1,1,0,1,1,3,0,0,2,595
10001722,1,0,4,8:24,DC,11419,1,0,4,f,NA,40,40,0,1,3,1,1,2,2,1,2,3,707
10001722,2,0,4,8:26,DC,11419,1,0,4,f,NA,40,40,0,1,3,1,0,1,1,0,2,3,711
10001722,3,0,4,8:27,DC,11419,1,0,4,f,NA,40,40,0,1,3,1,0,1,1,0,2,2,709
10001722,4,0,4,8:30,DC,11419,1,0,4,f,NA,40,40,0,1,3,1,0,1,1,0,2,2,718
10001793,1,0,3,17:52,WY,11472,2,1,6,g,NA,35,31,1,2,9,1,1,3,3,0,2,1,633
10001793,2,0,3,17:54,WY,11472,2,1,6,g,NA,35,31,1,2,9,1,1,3,3,0,2,1,633
10001793,3,0,3,17:58,WY,11472,2,1,6,g,NA,35,31,1,2,9,1,1,3,3,0,1,1,641
10001793,4,0,3,17:59,WY,11472,2,1,6,g,NA,35,31,1,2,9,1,1,3,3,0,1,1,641
10001793,5,0,3,18:03,WY,11472,2,1,6,g,NA,35,31,1,2,9,1,1,3,3,0,1,1,641
10001793,6,0,3,18:04,WY,11472,2,1,6,g,NA,35,31,1,2,9,1,1,3,3,0,1,1,641
10001793,7,0,3,18:06,WY,11472,2,1,6,g,NA,35,31,1,2,9,1,1,3,3,0,1,1,641
10001824,1,0,2,9:59,IA,11490,1,0,4,d,NA,21,21,0,1,6,1,0,3,3,0,2,1,602
10001824,2,0,2,10:02,IA,11490,1,0,4,d,NA,21,21,0,1,6,2,0,3,3,0,3,1,583
10001848,1,0,4,16:02,ND,11012,1,0,14,f,NA,28,23,1,1,0,1,0,3,3,0,2,2,668
10001848,2,0,4,16:03,ND,11012,1,0,14,f,NA,28,23,1,1,0,1,0,3,3,0,2,2,668
10001848,3,0,4,16:04,ND,11012,1,0,14,f,NA,28,23,1,1,0,0,0,3,3,0,0,2,586
10001848,4,0,4,16:08,ND,11012,1,0,14,f,NA,28,23,1,1,0,0,0,3,3,0,0,2,586
10001848,5,0,4,16:09,ND,11012,1,0,14,f,NA,28,23,1,1,0,0,0,3,3,0,0,2,586
10001885,1,0,3,16:30,IA,10418,2,1,16,d,NA,28,27,1,3,6,1,0,1,2,1,2,2,569
10001885,2,0,3,16:32,IA,10418,2,1,16,d,NA,28,27,1,3,6,1,1,2,3,1,2,2,577
10002111,1,0,2,11:54,NE,11654,3,1,5,d,NA,75,52,1,1,12,1,0,3,1,0,1,2,633
10002111,2,0,2,11:54,NE,11654,3,1,5,d,2,75,52,1,1,12,1,0,3,1,0,1,2,647
10002211,1,0,0,13:33,NE,11712,1,1,2,e,NA,40,40,0,2,3,1,0,3,3,0,2,1,680
10002211,2,0,0,13:34,NE,11712,1,1,2,e,NA,40,40,0,2,3,1,0,2,2,0,2,1,670
10002308,1,0,1,17:09,NE,11771,1,1,12,e,NA,36,36,0,2,15,0,0,1,1,0,0,4,596
10002308,2,0,1,17:11,NE,11771,1,1,12,e,NA,36,36,0,2,15,1,0,2,3,0,2,2,644
10002308,3,0,1,17:13,NE,11771,1,1,12,e,NA,36,36,0,2,15,1,0,2,3,0,2,2,644
10002308,4,0,1,17:13,NE,11771,1,1,12,e,NA,36,36,0,2,15,1,0,2,3,0,2,2,644
10002522,1,0,1,13:48,MT,11889,2,0,6,f,NA,35,33,1,1,5,0,0,1,1,0,0,4,546
10002522,2,0,1,13:50,MT,11889,2,0,6,f,NA,35,33,1,1,5,2,0,3,3,0,3,4,635
10002522,3,0,1,13:51,MT,11889,2,0,6,f,NA,35,33,1,1,5,2,0,3,3,0,3,4,638
10002522,4,0,1,13:52,MT,11889,2,0,6,f,NA,35,33,1,1,5,2,0,3,3,0,3,4,639
10002522,5,0,1,13:54,MT,11889,2,0,6,f,NA,35,33,1,1,5,2,0,3,3,0,3,4,639
10002522,6,0,1,13:54,MT,11889,2,0,6,f,NA,35,33,1,1,5,2,0,3,3,0,3,4,639
10002522,7,0,1,14:18,MT,11889,2,0,6,f,NA,35,33,1,1,5,2,0,3,3,0,3,4,639
10002527,1,0,4,13:31,WY,11892,1,1,16,f,4,60,60,0,3,15,1,0,3,3,0,2,1,586
10002527,2,0,4,13:32,WY,11892,1,1,16,f,4,60,60,0,3,15,0,0,3,3,0,0,1,525
10002608,1,0,0,10:55,MT,11935,1,0,15,e,NA,21,21,0,1,3,0,1,1,1,0,0,2,632
10002608,2,0,0,10:55,MT,11935,1,0,15,e,NA,21,21,0,1,3,0,1,1,1,0,0,2,609
10002608,3,0,0,10:57,MT,11935,1,0,15,e,NA,21,21,0,1,3,0,1,2,3,0,0,2,622
10002635,1,0,4,11:59,SD,11948,1,0,12,e,NA,42,42,0,1,1,0,0,1,1,0,0,2,567
10002635,2,0,4,12:00,SD,11948,1,0,12,e,NA,42,42,0,1,1,0,0,1,1,0,0,2,585
10002635,3,0,4,12:03,SD,11948,1,0,12,e,NA,42,42,0,1,1,0,0,1,1,0,0,2,585
10002635,4,0,4,12:31,SD,11948,1,0,12,e,NA,42,42,0,1,1,0,0,1,1,0,0,2,585
10002883,1,0,0,15:04,SD,10998,1,1,15,f,NA,43,43,0,1,3,1,1,1,3,1,2,2,649
10002883,2,0,0,15:06,SD,10998,1,1,15,f,NA,43,43,0,1,3,1,1,1,3,1,2,2,649
10002883,3,0,0,15:07,SD,10998,1,1,15,f,NA,43,43,0,1,3,1,1,1,3,1,2,2,649
10003548,1,0,2,11:31,KS,10444,1,1,3,e,3,42,18,0,2,15,1,0,2,1,1,1,1,602
10003548,2,0,2,11:31,KS,10444,1,1,3,e,3,42,18,0,2,15,1,0,2,3,1,1,2,604
10003548,3,0,2,11:32,KS,10444,1,1,3,e,3,42,18,0,2,15,1,0,2,3,1,1,2,624
10003864,1,0,0,13:24,KS,12535,1,1,3,e,4,60,60,0,3,15,1,0,3,3,0,2,2,587
10003864,2,0,0,13:25,KS,12535,1,1,3,e,4,60,60,0,3,15,1,0,3,3,0,1,2,602
10003864,3,0,0,13:26,KS,12535,1,1,3,e,4,60,60,0,3,15,1,0,3,3,0,1,2,609
10004308,1,0,4,12:27,ND,10238,1,0,10,g,4,56,56,0,3,4,2,0,3,3,1,3,2,589
10004308,2,0,4,12:29,ND,10238,1,0,10,g,4,56,56,0,3,4,2,0,3,3,1,3,2,589
10004308,3,0,4,12:30,ND,10238,1,0,10,g,4,56,56,0,3,4,2,0,3,3,1,3,2,589
10004308,4,0,4,12:33,ND,10238,1,0,10,g,4,56,56,0,3,4,2,0,3,3,1,3,2,589
10004467,1,0,0,11:33,ND,11012,1,0,22,b,NA,22,22,0,NA,NA,1,0,3,3,0,2,2,731
10004467,2,0,0,11:34,ND,11012,1,0,22,b,NA,22,22,0,NA,NA,0,0,3,3,0,0,2,645
10012747,1,0,0,17:51,SD,10998,1,0,14,d,NA,29,29,0,3,1,1,1,3,3,0,2,2,646
10012747,2,0,0,17:53,SD,10998,1,0,14,d,NA,29,29,0,3,1,0,0,1,3,0,0,2,560
